-- Users

INSERT INTO users (id, username, email, name, surname, birth_date) 
VALUES ('c569e60b-5529-4d33-a9e9-cce56bbce094', 'joneslaura', 'alexa04@example.net', 'Amanda', 'Davis', '1979-03-22')
ON CONFLICT (id) DO NOTHING;
INSERT INTO users (id, username, email, name, surname, birth_date) 
VALUES ('fc32df47-40da-4ec4-ae77-ac8ef02c807b', 'yperez', 'rodriguezdavid@example.com', 'Pamela', 'Gray', '2005-04-20')
ON CONFLICT (id) DO NOTHING;
INSERT INTO users (id, username, email, name, surname, birth_date) 
VALUES ('15a5da3b-2e10-439d-8164-d400f1069efb', 'marksexton', 'cooperthomas@example.com', 'Mariah', 'Townsend', '1952-04-05')
ON CONFLICT (id) DO NOTHING;
INSERT INTO users (id, username, email, name, surname, birth_date) 
VALUES ('44ed7973-68f5-4d16-883c-dbb1fc2b0b68', 'rachel57', 'myerspatrick@example.com', 'Justin', 'Allen', '2001-05-21')
ON CONFLICT (id) DO NOTHING;
INSERT INTO users (id, username, email, name, surname, birth_date) 
VALUES ('4439ad15-65f1-497c-8231-d54571797b0e', 'williamholmes', 'dicksonkatie@example.org', 'Janet', 'Gregory', '1970-08-20')
ON CONFLICT (id) DO NOTHING;
INSERT INTO users (id, username, email, name, surname, birth_date) 
VALUES ('5f1488ef-5f4c-460b-abb7-48deb1afe623', 'jerry36', 'sarah33@example.org', 'Eric', 'Griffin', '1956-12-01')
ON CONFLICT (id) DO NOTHING;
INSERT INTO users (id, username, email, name, surname, birth_date) 
VALUES ('85d4a69f-9c34-4d11-ac46-66f152c07c37', 'mmiles', 'jrios@example.com', 'Corey', 'Keith', '2011-11-18')
ON CONFLICT (id) DO NOTHING;
INSERT INTO users (id, username, email, name, surname, birth_date) 
VALUES ('d3d7dc1a-74b7-43c3-a9b0-aa297cf6fe08', 'rebeccawerner', 'michelleadams@example.com', 'Rachel', 'Pratt', '1955-10-31')
ON CONFLICT (id) DO NOTHING;
INSERT INTO users (id, username, email, name, surname, birth_date) 
VALUES ('e917f333-ce4e-4b08-b292-e49c24dc9bc9', 'kaylachristensen', 'nmahoney@example.org', 'Katrina', 'Fields', '1959-04-11')
ON CONFLICT (id) DO NOTHING;
INSERT INTO users (id, username, email, name, surname, birth_date) 
VALUES ('8a2d7a28-123e-41bc-8dd4-00e4d1565ac2', 'brandonpadilla', 'bruce43@example.com', 'Daniel', 'Dixon', '1960-12-04')
ON CONFLICT (id) DO NOTHING;

-- Posts

INSERT INTO posts (id, title, content, author_id, created_at, views) 
VALUES ('dd28acbd-67c8-4c3c-a07e-16ea46a9685c', 'Until machine would assume century section behavior national.', 'Project sign help news difficult federal general too.', 'd3d7dc1a-74b7-43c3-a9b0-aa297cf6fe08', '2025-12-07 17:32:12.543845', 544)
ON CONFLICT (id) DO NOTHING;
INSERT INTO posts (id, title, content, author_id, created_at, views) 
VALUES ('a0846133-185b-4297-89be-43345786f129', 'Cell third education shake.', 'Worker kid sure pressure friend. Rather notice truth.', '15a5da3b-2e10-439d-8164-d400f1069efb', '2024-03-22 00:35:49.738927', 753)
ON CONFLICT (id) DO NOTHING;
INSERT INTO posts (id, title, content, author_id, created_at, views) 
VALUES ('b51d0a9d-aed7-472f-8946-c66934ac779d', 'Degree inside light professor large.', 'Shoulder believe buy send. Opportunity soldier option. Say partner professional amount his.', '85d4a69f-9c34-4d11-ac46-66f152c07c37', '2023-08-12 16:52:49.720630', 417)
ON CONFLICT (id) DO NOTHING;
INSERT INTO posts (id, title, content, author_id, created_at, views) 
VALUES ('0a991a2d-a1b1-4f10-8484-10372e0d43d5', 'Wear room say among bring.', 'Yourself human player identify officer. Place late country culture them career. Machine week raise chance.', '85d4a69f-9c34-4d11-ac46-66f152c07c37', '2021-03-22 05:47:11.050633', 571)
ON CONFLICT (id) DO NOTHING;
INSERT INTO posts (id, title, content, author_id, created_at, views) 
VALUES ('49e21379-80cb-45a5-a769-3881268ab014', 'School there little ok practice air.', 'Cold news TV campaign leave several. So fish deal contain loss.', 'e917f333-ce4e-4b08-b292-e49c24dc9bc9', '2021-12-26 00:08:05.319439', 882)
ON CONFLICT (id) DO NOTHING;
INSERT INTO posts (id, title, content, author_id, created_at, views) 
VALUES ('f95d536d-9e7f-4c92-8deb-cd8285894766', 'Season hard environmental us play star improve soon.', 'Clear television career training. Foot college election town school nothing. At religious push student it spring just.', '85d4a69f-9c34-4d11-ac46-66f152c07c37', '2022-11-18 04:29:30.422941', 867)
ON CONFLICT (id) DO NOTHING;
INSERT INTO posts (id, title, content, author_id, created_at, views) 
VALUES ('810f3e72-7ae0-4f45-8ada-bdcfdde50719', 'Else final down believe enough but similar.', 'Music they force rich cost. Economy picture major yeah.', '44ed7973-68f5-4d16-883c-dbb1fc2b0b68', '2024-10-31 01:33:06.433878', 49)
ON CONFLICT (id) DO NOTHING;
INSERT INTO posts (id, title, content, author_id, created_at, views) 
VALUES ('cdd833ad-2bd6-4058-9ce3-4224a8250dc1', 'Want season teacher discover lawyer.', 'Name listen almost dog game call store throughout. Material good lot expert down.', 'd3d7dc1a-74b7-43c3-a9b0-aa297cf6fe08', '2025-02-19 21:37:21.895959', 740)
ON CONFLICT (id) DO NOTHING;
INSERT INTO posts (id, title, content, author_id, created_at, views) 
VALUES ('e0f562fd-26d9-43a9-b896-9b0733cc9c62', 'Trial language society myself else his test.', 'Drive prove up buy.', '85d4a69f-9c34-4d11-ac46-66f152c07c37', '2020-03-05 05:44:02.754551', 461)
ON CONFLICT (id) DO NOTHING;
INSERT INTO posts (id, title, content, author_id, created_at, views) 
VALUES ('0790dbf5-3034-4aea-8c19-a622ee5e61d2', 'Watch race case consider smile quite miss example.', 'Source possible her give indeed and church. Situation employee stand heavy development. Bed particularly civil realize sense glass.', '8a2d7a28-123e-41bc-8dd4-00e4d1565ac2', '2021-06-10 01:16:35.039408', 763)
ON CONFLICT (id) DO NOTHING;
INSERT INTO posts (id, title, content, author_id, created_at, views) 
VALUES ('d209f531-dab5-4f47-99a2-4eabe799785a', 'Throughout reduce try issue ball manage individual nor.', 'We movement one. Among head growth allow.', 'fc32df47-40da-4ec4-ae77-ac8ef02c807b', '2022-09-24 16:37:51.704633', 277)
ON CONFLICT (id) DO NOTHING;
INSERT INTO posts (id, title, content, author_id, created_at, views) 
VALUES ('916fe005-e1c8-4e47-8b4e-3041add3fc94', 'Major base bring former look.', 'Since work speak agreement another their near whom. Week around learn party.', '85d4a69f-9c34-4d11-ac46-66f152c07c37', '2021-02-13 05:42:30.745079', 931)
ON CONFLICT (id) DO NOTHING;
INSERT INTO posts (id, title, content, author_id, created_at, views) 
VALUES ('235045f3-9a1f-465d-971e-0bf74ff54bab', 'Poor official simply memory support boy word.', 'Air ago significant movie. Direction do per partner office at team.', '4439ad15-65f1-497c-8231-d54571797b0e', '2022-01-30 15:43:19.963282', 855)
ON CONFLICT (id) DO NOTHING;
INSERT INTO posts (id, title, content, author_id, created_at, views) 
VALUES ('89108136-c8a5-467a-90c6-8d2bbff1c2fd', 'His perform lot gas wrong.', 'Lose available in dream. Into candidate happen. Push push happen work off save. City address star.', '44ed7973-68f5-4d16-883c-dbb1fc2b0b68', '2023-07-18 11:18:33.607652', 987)
ON CONFLICT (id) DO NOTHING;
INSERT INTO posts (id, title, content, author_id, created_at, views) 
VALUES ('91d2bb38-5ca0-447b-933e-7e6223cd5615', 'Mission college but old letter door machine near.', 'Write here ago may us suddenly. Lead base option rich. Class their find blue help.', '8a2d7a28-123e-41bc-8dd4-00e4d1565ac2', '2023-02-12 16:27:51.095981', 477)
ON CONFLICT (id) DO NOTHING;
INSERT INTO posts (id, title, content, author_id, created_at, views) 
VALUES ('c98b80fc-0df1-4047-bc42-65599ac35f99', 'Conference require box able.', 'Civil new anything reveal authority popular course. Me color practice.', '5f1488ef-5f4c-460b-abb7-48deb1afe623', '2024-09-04 01:35:53.424635', 280)
ON CONFLICT (id) DO NOTHING;
INSERT INTO posts (id, title, content, author_id, created_at, views) 
VALUES ('9c7ed254-2cb9-4f94-bc1c-48ae69b444d7', 'Bank leave positive charge performance high let.', 'Road and value identify require drug do. Yet blood model store rise. Song such receive single.', 'fc32df47-40da-4ec4-ae77-ac8ef02c807b', '2021-01-08 13:43:07.014045', 913)
ON CONFLICT (id) DO NOTHING;
INSERT INTO posts (id, title, content, author_id, created_at, views) 
VALUES ('4f69dd28-282d-4a6f-8c7f-1e7ece8368bf', 'Brother increase increase about represent education church.', 'Win to paper deep any seat. Mrs project consumer.', '44ed7973-68f5-4d16-883c-dbb1fc2b0b68', '2024-01-23 21:14:04.560993', 799)
ON CONFLICT (id) DO NOTHING;
INSERT INTO posts (id, title, content, author_id, created_at, views) 
VALUES ('15fae560-4412-4399-8109-47110425c41b', 'Specific area carry set.', 'Deal analysis similar certainly realize hair.', '85d4a69f-9c34-4d11-ac46-66f152c07c37', '2024-02-06 04:38:58.128529', 987)
ON CONFLICT (id) DO NOTHING;
INSERT INTO posts (id, title, content, author_id, created_at, views) 
VALUES ('b3feeb76-7531-4247-a312-09322d4c669e', 'Far paper figure help choose low team.', 'From economy more degree determine dinner course check. Child decision turn able sister. Fish college source continue again our including.', '85d4a69f-9c34-4d11-ac46-66f152c07c37', '2023-03-17 03:58:23.506438', 415)
ON CONFLICT (id) DO NOTHING;
INSERT INTO posts (id, title, content, author_id, created_at, views) 
VALUES ('4eae064f-0fa5-4a72-b57e-ea0cc0af4380', 'Notice ok participant find its magazine ball.', 'Behind else standard many. Garden work life avoid. Firm wait here message interesting.', '44ed7973-68f5-4d16-883c-dbb1fc2b0b68', '2021-11-05 15:24:14.467492', 325)
ON CONFLICT (id) DO NOTHING;
INSERT INTO posts (id, title, content, author_id, created_at, views) 
VALUES ('9555d4bf-4dec-4721-bc8f-39d868484791', 'Up various ever when.', 'Find listen sound himself hour parent out. Allow marriage city form be.', '85d4a69f-9c34-4d11-ac46-66f152c07c37', '2020-09-16 22:50:21.819224', 863)
ON CONFLICT (id) DO NOTHING;
INSERT INTO posts (id, title, content, author_id, created_at, views) 
VALUES ('56e80e23-b048-4dee-97ec-1679ec8fe003', 'Protect hour town camera character.', 'Act pick project security run easy. Color skin collection about unit career. Sound environmental contain kind.', '85d4a69f-9c34-4d11-ac46-66f152c07c37', '2020-06-03 09:03:36.402184', 459)
ON CONFLICT (id) DO NOTHING;
INSERT INTO posts (id, title, content, author_id, created_at, views) 
VALUES ('a8a7930c-9619-435e-a558-b86ec82c2bfd', 'Each including sure white.', 'Personal become former inside hand. Possible either realize beat ahead dinner.', '5f1488ef-5f4c-460b-abb7-48deb1afe623', '2022-12-19 07:35:22.392084', 280)
ON CONFLICT (id) DO NOTHING;
INSERT INTO posts (id, title, content, author_id, created_at, views) 
VALUES ('5932054d-9def-4da3-9329-a5a161ce19b8', 'Prepare line middle decade practice tree else.', 'Glass surface author usually. Campaign of relationship take method. Drive door Democrat stock.', '85d4a69f-9c34-4d11-ac46-66f152c07c37', '2025-01-03 20:00:18.938456', 818)
ON CONFLICT (id) DO NOTHING;
INSERT INTO posts (id, title, content, author_id, created_at, views) 
VALUES ('2ae1fbf9-c84a-4706-9659-5791a8366a4e', 'Suffer trouble structure in.', 'Detail hundred nation begin employee. A station boy court leader huge. Sense politics rate administration.', 'c569e60b-5529-4d33-a9e9-cce56bbce094', '2020-08-24 06:43:09.462529', 922)
ON CONFLICT (id) DO NOTHING;
INSERT INTO posts (id, title, content, author_id, created_at, views) 
VALUES ('43e76491-ff76-410e-975d-df8cf2305c6b', 'Western generation prove.', 'During thought property add. Report establish citizen recognize although because if. Meet media board another.', '44ed7973-68f5-4d16-883c-dbb1fc2b0b68', '2025-09-13 23:42:27.456588', 375)
ON CONFLICT (id) DO NOTHING;
INSERT INTO posts (id, title, content, author_id, created_at, views) 
VALUES ('aa889625-55a6-4fb5-9145-b19fe153296d', 'Value dark something product cultural reduce.', 'Particular nothing attack responsibility.', 'e917f333-ce4e-4b08-b292-e49c24dc9bc9', '2025-07-30 21:25:30.043988', 396)
ON CONFLICT (id) DO NOTHING;
INSERT INTO posts (id, title, content, author_id, created_at, views) 
VALUES ('2a34769b-c614-46b6-917d-781ffc8dcc39', 'Determine your else pull pretty.', 'State than small spend very. Idea word every far senior mention call.', 'e917f333-ce4e-4b08-b292-e49c24dc9bc9', '2020-03-15 00:17:54.813467', 889)
ON CONFLICT (id) DO NOTHING;
INSERT INTO posts (id, title, content, author_id, created_at, views) 
VALUES ('fa8f883a-9f8e-4fda-acf0-e97cdcf3bbd4', 'Today however mean.', 'Store glass begin choice. Build me chair black knowledge shake leg. Floor sing subject commercial fight meet.', 'c569e60b-5529-4d33-a9e9-cce56bbce094', '2024-12-15 16:14:29.215245', 4)
ON CONFLICT (id) DO NOTHING;
INSERT INTO posts (id, title, content, author_id, created_at, views) 
VALUES ('3cef300f-1726-417e-aac7-6b133be1b6fc', 'Charge minute painting agree forward.', 'Per form as reduce. Hotel matter space court him attack employee. Experience idea level data long which fire health.', '85d4a69f-9c34-4d11-ac46-66f152c07c37', '2024-06-21 09:30:40.504185', 649)
ON CONFLICT (id) DO NOTHING;
INSERT INTO posts (id, title, content, author_id, created_at, views) 
VALUES ('ab9a9e3c-0801-4ae4-a399-8155133b4f4f', 'Suddenly join identify adult about.', 'Never account move begin less. Pass ask particularly away themselves condition wonder. Shake at all land. South to a new edge.', '4439ad15-65f1-497c-8231-d54571797b0e', '2023-12-23 08:49:47.403538', 396)
ON CONFLICT (id) DO NOTHING;
INSERT INTO posts (id, title, content, author_id, created_at, views) 
VALUES ('2e001621-792e-417e-880f-60b66b63d02d', 'Drug task organization particularly.', 'Tough magazine open maintain model message amount. Central concern book air yourself prepare. Soon he pass tax increase both.', 'd3d7dc1a-74b7-43c3-a9b0-aa297cf6fe08', '2021-08-28 15:53:03.861204', 779)
ON CONFLICT (id) DO NOTHING;
INSERT INTO posts (id, title, content, author_id, created_at, views) 
VALUES ('d6396965-a556-40d4-b71b-24cae5894616', 'Music significant white question Congress.', 'Wear sport how song. Home we son myself take four.', '8a2d7a28-123e-41bc-8dd4-00e4d1565ac2', '2023-04-16 09:02:08.970875', 88)
ON CONFLICT (id) DO NOTHING;
INSERT INTO posts (id, title, content, author_id, created_at, views) 
VALUES ('86600b51-b7d0-45d9-b17b-1bf9186fa6a8', 'Interesting but accept decision care five husband.', 'Pretty relationship her class only prove enough. Car worry read.', 'c569e60b-5529-4d33-a9e9-cce56bbce094', '2024-06-21 19:54:18.860415', 188)
ON CONFLICT (id) DO NOTHING;
INSERT INTO posts (id, title, content, author_id, created_at, views) 
VALUES ('a10cb458-b7dd-4633-80d2-2280d79d9aef', 'Unit community technology.', 'Reveal as natural family cause activity plan contain. Everybody difference affect design.', '85d4a69f-9c34-4d11-ac46-66f152c07c37', '2023-02-23 23:16:06.828268', 523)
ON CONFLICT (id) DO NOTHING;
INSERT INTO posts (id, title, content, author_id, created_at, views) 
VALUES ('7ac14219-37bb-44ca-bdc7-7b542049e2d8', 'Suffer though line.', 'Together may hard once recent. Though assume instead since indicate one particularly.', '4439ad15-65f1-497c-8231-d54571797b0e', '2025-09-21 12:27:55.614938', 240)
ON CONFLICT (id) DO NOTHING;
INSERT INTO posts (id, title, content, author_id, created_at, views) 
VALUES ('d38c32a9-cd13-4b5f-bdb0-7215e478a26e', 'Practice court couple almost score radio.', 'Sound door thank little. Pressure number me free perhaps particular. Win tree still art.', '85d4a69f-9c34-4d11-ac46-66f152c07c37', '2020-10-13 11:18:54.432807', 391)
ON CONFLICT (id) DO NOTHING;
INSERT INTO posts (id, title, content, author_id, created_at, views) 
VALUES ('c6726d4f-e9bb-46fc-b89c-9df894874a5c', 'Nation Congress interesting consider activity any.', 'Single what time may. Painting left challenge can nor no rise believe. Remain whom minute team finally world coach prove.', 'e917f333-ce4e-4b08-b292-e49c24dc9bc9', '2024-08-29 13:13:43.965124', 154)
ON CONFLICT (id) DO NOTHING;
INSERT INTO posts (id, title, content, author_id, created_at, views) 
VALUES ('3454f6cb-53ae-4b1e-aa2c-8bd6d49c67e4', 'Box unit since group.', 'Blood prepare those stay even key this. Cost agreement major sometimes.', 'c569e60b-5529-4d33-a9e9-cce56bbce094', '2022-02-28 19:11:16.225596', 884)
ON CONFLICT (id) DO NOTHING;
INSERT INTO posts (id, title, content, author_id, created_at, views) 
VALUES ('32db0890-d96e-461c-a7ff-81f4da040d36', 'Rather reveal yeah pull.', 'Catch finally garden sort involve four soon. Ball vote response simple about toward person imagine. Here on whole author better choice however matter. Despite life research back street or spend.', '15a5da3b-2e10-439d-8164-d400f1069efb', '2021-08-04 04:37:48.029834', 19)
ON CONFLICT (id) DO NOTHING;
INSERT INTO posts (id, title, content, author_id, created_at, views) 
VALUES ('42f750b4-5977-4b99-b32b-d432d639d970', 'Discuss decade box tend provide sell cut.', 'Need daughter leave level someone everyone administration. Soon measure usually nation.', 'c569e60b-5529-4d33-a9e9-cce56bbce094', '2022-07-04 20:19:26.036446', 601)
ON CONFLICT (id) DO NOTHING;
INSERT INTO posts (id, title, content, author_id, created_at, views) 
VALUES ('c0cee9dd-fe6f-4e9d-a6e0-e595df101e8a', 'Mind southern next.', 'Whether ever reason professor speak city really. Author instead career send we sport. And late father spend.', 'fc32df47-40da-4ec4-ae77-ac8ef02c807b', '2022-10-04 12:06:51.993662', 775)
ON CONFLICT (id) DO NOTHING;
INSERT INTO posts (id, title, content, author_id, created_at, views) 
VALUES ('428ec637-bd3a-45cb-b077-ebe4bc6183b9', 'Lose phone control approach collection amount.', 'Within research agency fire yet executive. Kitchen should doctor mission road. Design so card impact central maybe.', '85d4a69f-9c34-4d11-ac46-66f152c07c37', '2021-05-21 10:01:20.602815', 18)
ON CONFLICT (id) DO NOTHING;
INSERT INTO posts (id, title, content, author_id, created_at, views) 
VALUES ('85fcf4ed-d99b-4b2e-846d-5455e9d5ce06', 'Agent draw evidence magazine.', 'Sing behavior almost rate just civil.', '44ed7973-68f5-4d16-883c-dbb1fc2b0b68', '2023-09-02 15:27:52.557823', 729)
ON CONFLICT (id) DO NOTHING;
INSERT INTO posts (id, title, content, author_id, created_at, views) 
VALUES ('92a0f070-d94e-4466-b5ce-2903b9b9c240', 'Suggest prove law key sit issue become.', 'Hour exist whose body other report. Case style movement recognize.', 'c569e60b-5529-4d33-a9e9-cce56bbce094', '2023-10-14 23:50:41.726947', 223)
ON CONFLICT (id) DO NOTHING;
INSERT INTO posts (id, title, content, author_id, created_at, views) 
VALUES ('7f0bf8f1-b6c4-4894-8d9d-ee2c382550a8', 'Course this that respond front industry true.', 'Wonder hit see health sell run get area. Pm conference east different analysis shoulder.', '4439ad15-65f1-497c-8231-d54571797b0e', '2023-05-29 15:17:44.616045', 436)
ON CONFLICT (id) DO NOTHING;
INSERT INTO posts (id, title, content, author_id, created_at, views) 
VALUES ('67f17e16-b243-4719-847e-eb9190101d5b', 'Machine sit future pick difference.', 'Area under professional anyone. Must just race stay hope fast. Dream late year anyone but.', 'd3d7dc1a-74b7-43c3-a9b0-aa297cf6fe08', '2023-08-27 03:32:11.260781', 804)
ON CONFLICT (id) DO NOTHING;
INSERT INTO posts (id, title, content, author_id, created_at, views) 
VALUES ('85ea807f-226f-4f4e-8eef-38f2998cd221', 'Order boy real anything Mr school cell time.', 'However between hand actually economy. Stop else management picture present rich now. Likely sure local operation husband.', 'fc32df47-40da-4ec4-ae77-ac8ef02c807b', '2020-01-11 12:36:15.196006', 174)
ON CONFLICT (id) DO NOTHING;
INSERT INTO posts (id, title, content, author_id, created_at, views) 
VALUES ('c4b27048-e9aa-4ef6-a9b9-dc661fb1bb2a', 'Themselves model same author.', 'Similar fill number foot evening. Question war majority cold discuss foot.', '8a2d7a28-123e-41bc-8dd4-00e4d1565ac2', '2025-02-17 21:40:24.177775', 917)
ON CONFLICT (id) DO NOTHING;

-- Comments

INSERT INTO comments (id, content, post_id, author_id, created_at) 
VALUES ('0c4d2d7c-78b1-4d70-87da-ef7bacf446b9', 'Second account raise line others age already food least reality.', '43e76491-ff76-410e-975d-df8cf2305c6b', 'c569e60b-5529-4d33-a9e9-cce56bbce094', '2020-07-29 05:24:48.773944')
ON CONFLICT (id) DO NOTHING;
INSERT INTO comments (id, content, post_id, author_id, created_at) 
VALUES ('c175de3f-6e12-45d9-8c3b-dbd55c24d1ad', 'Final your theory fine tend sit cause herself material while old wonder.', 'c6726d4f-e9bb-46fc-b89c-9df894874a5c', '44ed7973-68f5-4d16-883c-dbb1fc2b0b68', '2023-05-23 11:18:51.628985')
ON CONFLICT (id) DO NOTHING;
INSERT INTO comments (id, content, post_id, author_id, created_at) 
VALUES ('ae884a07-716f-46e2-882e-a4654b141b14', 'Story good civil opportunity summer American without wife land technology responsibility wear within.', 'b3feeb76-7531-4247-a312-09322d4c669e', '44ed7973-68f5-4d16-883c-dbb1fc2b0b68', '2021-12-07 13:12:17.049578')
ON CONFLICT (id) DO NOTHING;
INSERT INTO comments (id, content, post_id, author_id, created_at) 
VALUES ('f463b1fc-d0d6-4eb0-9da6-8e18ab286ad0', 'Sea line skill station trip simply.', 'fa8f883a-9f8e-4fda-acf0-e97cdcf3bbd4', '15a5da3b-2e10-439d-8164-d400f1069efb', '2024-08-12 17:58:52.892913')
ON CONFLICT (id) DO NOTHING;
INSERT INTO comments (id, content, post_id, author_id, created_at) 
VALUES ('625f9780-bb90-4dcb-8b5a-48cce87c9171', 'Summer wait every part improve name quickly so tonight environmental.', 'a0846133-185b-4297-89be-43345786f129', '4439ad15-65f1-497c-8231-d54571797b0e', '2024-04-15 03:03:59.196725')
ON CONFLICT (id) DO NOTHING;
INSERT INTO comments (id, content, post_id, author_id, created_at) 
VALUES ('d7f4c360-f9cf-4a0b-8e2a-270aff02410e', 'Somebody worker sure effort charge evidence measure.', '4f69dd28-282d-4a6f-8c7f-1e7ece8368bf', 'e917f333-ce4e-4b08-b292-e49c24dc9bc9', '2021-12-06 05:57:58.504763')
ON CONFLICT (id) DO NOTHING;
INSERT INTO comments (id, content, post_id, author_id, created_at) 
VALUES ('d6117664-cab7-48e9-9c18-ba4c4e41cb2d', 'With guess probably couple bad case.', '2ae1fbf9-c84a-4706-9659-5791a8366a4e', 'c569e60b-5529-4d33-a9e9-cce56bbce094', '2022-08-01 20:41:54.171516')
ON CONFLICT (id) DO NOTHING;
INSERT INTO comments (id, content, post_id, author_id, created_at) 
VALUES ('f378eaf9-aeb4-4c7e-878d-2fa19db9dd22', 'Staff town himself accept question us number example discuss by born my trouble.', '56e80e23-b048-4dee-97ec-1679ec8fe003', 'e917f333-ce4e-4b08-b292-e49c24dc9bc9', '2020-06-05 05:31:56.393091')
ON CONFLICT (id) DO NOTHING;
INSERT INTO comments (id, content, post_id, author_id, created_at) 
VALUES ('be375a39-1177-4a0c-b965-9111ea872857', 'Believe source process recent budget wear better treatment.', 'cdd833ad-2bd6-4058-9ce3-4224a8250dc1', '8a2d7a28-123e-41bc-8dd4-00e4d1565ac2', '2023-11-02 21:13:46.662971')
ON CONFLICT (id) DO NOTHING;
INSERT INTO comments (id, content, post_id, author_id, created_at) 
VALUES ('d21676c6-a111-4aa5-9539-af5f8140d56f', 'Already star here continue some tonight maintain trip company those chance.', 'c0cee9dd-fe6f-4e9d-a6e0-e595df101e8a', '15a5da3b-2e10-439d-8164-d400f1069efb', '2021-08-16 08:48:43.574022')
ON CONFLICT (id) DO NOTHING;
INSERT INTO comments (id, content, post_id, author_id, created_at) 
VALUES ('33b3a8f4-ca51-498a-bb9a-af458c4fa3bf', 'Write thought Congress voice suddenly since involve character space compare.', 'c4b27048-e9aa-4ef6-a9b9-dc661fb1bb2a', 'd3d7dc1a-74b7-43c3-a9b0-aa297cf6fe08', '2021-04-12 22:35:48.498754')
ON CONFLICT (id) DO NOTHING;
INSERT INTO comments (id, content, post_id, author_id, created_at) 
VALUES ('3a09bb15-f915-4cbf-8d53-a38104ead9ef', 'Large father measure head white him among near left piece happy politics hand.', 'd6396965-a556-40d4-b71b-24cae5894616', '15a5da3b-2e10-439d-8164-d400f1069efb', '2020-11-14 18:14:31.153680')
ON CONFLICT (id) DO NOTHING;
INSERT INTO comments (id, content, post_id, author_id, created_at) 
VALUES ('424e7363-7613-4c5c-9694-3ac96bfda7a1', 'Plant house bag court charge place relate fill time dinner soldier group star.', '4eae064f-0fa5-4a72-b57e-ea0cc0af4380', 'd3d7dc1a-74b7-43c3-a9b0-aa297cf6fe08', '2025-12-05 21:50:50.585756')
ON CONFLICT (id) DO NOTHING;
INSERT INTO comments (id, content, post_id, author_id, created_at) 
VALUES ('23221f72-4f76-4547-ba43-8cb4552bc728', 'Home time of option day same.', 'cdd833ad-2bd6-4058-9ce3-4224a8250dc1', '4439ad15-65f1-497c-8231-d54571797b0e', '2021-03-14 11:35:43.116301')
ON CONFLICT (id) DO NOTHING;
INSERT INTO comments (id, content, post_id, author_id, created_at) 
VALUES ('5558f449-83c5-4ad8-b27b-ac0575d630ea', 'Author modern fine catch else I.', 'b51d0a9d-aed7-472f-8946-c66934ac779d', '85d4a69f-9c34-4d11-ac46-66f152c07c37', '2021-05-25 23:35:47.941471')
ON CONFLICT (id) DO NOTHING;
INSERT INTO comments (id, content, post_id, author_id, created_at) 
VALUES ('a60a0d72-fd7b-4028-a2cb-e1722ddacc29', 'Measure think town indeed see fire occur many.', 'b51d0a9d-aed7-472f-8946-c66934ac779d', 'e917f333-ce4e-4b08-b292-e49c24dc9bc9', '2023-05-12 01:52:47.075793')
ON CONFLICT (id) DO NOTHING;
INSERT INTO comments (id, content, post_id, author_id, created_at) 
VALUES ('d22159b3-73e3-4227-9b27-d1123d66cd6f', 'Light than interest poor throw offer health girl man Democrat identify before.', 'd6396965-a556-40d4-b71b-24cae5894616', '4439ad15-65f1-497c-8231-d54571797b0e', '2024-03-30 17:51:50.050176')
ON CONFLICT (id) DO NOTHING;
INSERT INTO comments (id, content, post_id, author_id, created_at) 
VALUES ('87414eef-c527-43eb-b867-1f5c7c69e72e', 'Share determine table play manage bill eye.', '89108136-c8a5-467a-90c6-8d2bbff1c2fd', 'd3d7dc1a-74b7-43c3-a9b0-aa297cf6fe08', '2022-07-30 02:26:39.544077')
ON CONFLICT (id) DO NOTHING;
INSERT INTO comments (id, content, post_id, author_id, created_at) 
VALUES ('e375a4c9-482f-4c08-8b1e-c71f67dbb2a8', 'Medical instead source compare spring bank human why eye eat clear.', '0a991a2d-a1b1-4f10-8484-10372e0d43d5', 'fc32df47-40da-4ec4-ae77-ac8ef02c807b', '2021-09-14 01:24:04.526352')
ON CONFLICT (id) DO NOTHING;
INSERT INTO comments (id, content, post_id, author_id, created_at) 
VALUES ('d4e0d5fe-1003-435e-8da9-9f09bbb80b14', 'Father police act last computer later science.', 'd6396965-a556-40d4-b71b-24cae5894616', '5f1488ef-5f4c-460b-abb7-48deb1afe623', '2020-12-19 09:29:12.816364')
ON CONFLICT (id) DO NOTHING;
INSERT INTO comments (id, content, post_id, author_id, created_at) 
VALUES ('890f3dfc-695b-42ce-8e73-423be95436ca', 'Possible quickly memory trial person let research place easy boy leave.', 'b51d0a9d-aed7-472f-8946-c66934ac779d', '85d4a69f-9c34-4d11-ac46-66f152c07c37', '2021-04-19 07:23:17.972792')
ON CONFLICT (id) DO NOTHING;
INSERT INTO comments (id, content, post_id, author_id, created_at) 
VALUES ('651eac0e-40ad-4a4c-8232-abb0a35dc35b', 'Something claim current than large decision central yourself ok month do population.', '428ec637-bd3a-45cb-b077-ebe4bc6183b9', 'c569e60b-5529-4d33-a9e9-cce56bbce094', '2020-10-01 00:18:07.149420')
ON CONFLICT (id) DO NOTHING;
INSERT INTO comments (id, content, post_id, author_id, created_at) 
VALUES ('792fd982-7ffd-496c-a966-7dea7a019461', 'Authority step challenge eat herself lot just share mission game.', '9c7ed254-2cb9-4f94-bc1c-48ae69b444d7', 'd3d7dc1a-74b7-43c3-a9b0-aa297cf6fe08', '2023-08-24 03:11:53.354209')
ON CONFLICT (id) DO NOTHING;
INSERT INTO comments (id, content, post_id, author_id, created_at) 
VALUES ('02da18ba-f4e2-4a0c-a115-14d2423caab4', 'Share front attention mean imagine determine.', 'c4b27048-e9aa-4ef6-a9b9-dc661fb1bb2a', '8a2d7a28-123e-41bc-8dd4-00e4d1565ac2', '2022-06-21 09:46:46.920749')
ON CONFLICT (id) DO NOTHING;
INSERT INTO comments (id, content, post_id, author_id, created_at) 
VALUES ('bfe69cd7-3bda-4af8-a046-078ca8dcbb73', 'Better mind station grow low business heart history measure fight democratic picture realize age.', '7f0bf8f1-b6c4-4894-8d9d-ee2c382550a8', '85d4a69f-9c34-4d11-ac46-66f152c07c37', '2024-09-13 23:07:43.069822')
ON CONFLICT (id) DO NOTHING;
INSERT INTO comments (id, content, post_id, author_id, created_at) 
VALUES ('1eba3176-7158-4509-9ed0-5e12d10ddf81', 'However full century phone myself born prevent the site.', 'c98b80fc-0df1-4047-bc42-65599ac35f99', 'd3d7dc1a-74b7-43c3-a9b0-aa297cf6fe08', '2023-07-22 06:20:20.704732')
ON CONFLICT (id) DO NOTHING;
INSERT INTO comments (id, content, post_id, author_id, created_at) 
VALUES ('aef582a4-d7c4-4dfe-8aff-0fdf68257b89', 'Then memory believe add play blue apply century.', '7ac14219-37bb-44ca-bdc7-7b542049e2d8', '8a2d7a28-123e-41bc-8dd4-00e4d1565ac2', '2023-05-02 19:43:55.155198')
ON CONFLICT (id) DO NOTHING;
INSERT INTO comments (id, content, post_id, author_id, created_at) 
VALUES ('353588cd-f55f-4a30-94a8-b02412cea32d', 'State key establish home choice project someone school recognize up.', 'a0846133-185b-4297-89be-43345786f129', '5f1488ef-5f4c-460b-abb7-48deb1afe623', '2020-06-06 20:56:03.984751')
ON CONFLICT (id) DO NOTHING;
INSERT INTO comments (id, content, post_id, author_id, created_at) 
VALUES ('f85f8e82-575c-4cb1-86cb-da9146d62c0b', 'Church strategy on nation today against behind.', 'c6726d4f-e9bb-46fc-b89c-9df894874a5c', '15a5da3b-2e10-439d-8164-d400f1069efb', '2022-06-18 07:15:17.092480')
ON CONFLICT (id) DO NOTHING;
INSERT INTO comments (id, content, post_id, author_id, created_at) 
VALUES ('bca41083-f78f-4f37-b467-f4e9dd34efd0', 'Whatever land read family over loss write home understand.', '9c7ed254-2cb9-4f94-bc1c-48ae69b444d7', 'fc32df47-40da-4ec4-ae77-ac8ef02c807b', '2022-03-29 16:58:39.319272')
ON CONFLICT (id) DO NOTHING;
INSERT INTO comments (id, content, post_id, author_id, created_at) 
VALUES ('ffec03ef-10ef-40ac-b9de-bf1fe570a384', 'Painting source accept article everybody church.', 'd38c32a9-cd13-4b5f-bdb0-7215e478a26e', 'c569e60b-5529-4d33-a9e9-cce56bbce094', '2023-08-25 01:03:28.130431')
ON CONFLICT (id) DO NOTHING;
INSERT INTO comments (id, content, post_id, author_id, created_at) 
VALUES ('7c4277ee-7d4d-4ae4-a2ff-e5fa170613a7', 'Various manage window any out major join blue man ever kind media low.', '56e80e23-b048-4dee-97ec-1679ec8fe003', '4439ad15-65f1-497c-8231-d54571797b0e', '2020-03-03 10:49:11.044434')
ON CONFLICT (id) DO NOTHING;
INSERT INTO comments (id, content, post_id, author_id, created_at) 
VALUES ('86676065-d896-425f-a9fb-b4d81b6ae71d', 'Consumer good something since manage argue research likely outside investment.', '810f3e72-7ae0-4f45-8ada-bdcfdde50719', '85d4a69f-9c34-4d11-ac46-66f152c07c37', '2023-02-10 19:10:14.906674')
ON CONFLICT (id) DO NOTHING;
INSERT INTO comments (id, content, post_id, author_id, created_at) 
VALUES ('6f381ea9-3f2d-4222-bc21-b5d225f5da93', 'Fire quite create civil evidence society foreign edge child middle use ability prevent.', 'a10cb458-b7dd-4633-80d2-2280d79d9aef', '15a5da3b-2e10-439d-8164-d400f1069efb', '2023-12-15 13:43:55.761064')
ON CONFLICT (id) DO NOTHING;
INSERT INTO comments (id, content, post_id, author_id, created_at) 
VALUES ('b844ce3a-c774-4037-b53a-42390f50cb1b', 'Student give true responsibility mother hot east plan specific.', '91d2bb38-5ca0-447b-933e-7e6223cd5615', '44ed7973-68f5-4d16-883c-dbb1fc2b0b68', '2024-05-31 15:16:44.641119')
ON CONFLICT (id) DO NOTHING;
INSERT INTO comments (id, content, post_id, author_id, created_at) 
VALUES ('359d8d58-c71c-4395-b399-84865e9c6f47', 'Move three thousand information save if animal wear building.', '810f3e72-7ae0-4f45-8ada-bdcfdde50719', 'fc32df47-40da-4ec4-ae77-ac8ef02c807b', '2021-03-29 16:58:54.293007')
ON CONFLICT (id) DO NOTHING;
INSERT INTO comments (id, content, post_id, author_id, created_at) 
VALUES ('7ba3dda8-88a1-4d88-a063-87d62c250fc4', 'Land help he scene also check woman no.', 'b51d0a9d-aed7-472f-8946-c66934ac779d', '15a5da3b-2e10-439d-8164-d400f1069efb', '2024-05-06 12:27:54.139772')
ON CONFLICT (id) DO NOTHING;
INSERT INTO comments (id, content, post_id, author_id, created_at) 
VALUES ('eb5df953-f1ba-433b-ac98-5fae801ca7f0', 'Offer sure job charge perhaps stock brother purpose film be.', 'b51d0a9d-aed7-472f-8946-c66934ac779d', '15a5da3b-2e10-439d-8164-d400f1069efb', '2024-02-01 14:56:14.016854')
ON CONFLICT (id) DO NOTHING;
INSERT INTO comments (id, content, post_id, author_id, created_at) 
VALUES ('fe230d26-7496-4f3f-8be7-16213999a74a', 'Factor yet lose food believe peace bill walk market none should week.', '9c7ed254-2cb9-4f94-bc1c-48ae69b444d7', '4439ad15-65f1-497c-8231-d54571797b0e', '2024-09-28 04:16:17.794397')
ON CONFLICT (id) DO NOTHING;
INSERT INTO comments (id, content, post_id, author_id, created_at) 
VALUES ('02d470c9-04ee-41d7-82ec-997ad590d0f6', 'Suddenly near successful article thousand finish interesting sit no similar.', 'dd28acbd-67c8-4c3c-a07e-16ea46a9685c', '44ed7973-68f5-4d16-883c-dbb1fc2b0b68', '2024-08-12 01:38:01.956831')
ON CONFLICT (id) DO NOTHING;
INSERT INTO comments (id, content, post_id, author_id, created_at) 
VALUES ('dc6fa1fe-e73f-45c7-b5f7-51c73dac8170', 'Law single physical west about whatever real three American young soon around cut.', '92a0f070-d94e-4466-b5ce-2903b9b9c240', '8a2d7a28-123e-41bc-8dd4-00e4d1565ac2', '2020-02-08 07:58:18.635859')
ON CONFLICT (id) DO NOTHING;
INSERT INTO comments (id, content, post_id, author_id, created_at) 
VALUES ('f7399cc2-7529-4ef9-b626-f816f27e6568', 'Far but bit accept stage activity kind agreement.', 'c0cee9dd-fe6f-4e9d-a6e0-e595df101e8a', '8a2d7a28-123e-41bc-8dd4-00e4d1565ac2', '2021-08-23 21:20:57.919688')
ON CONFLICT (id) DO NOTHING;
INSERT INTO comments (id, content, post_id, author_id, created_at) 
VALUES ('9c2dde0f-32b9-41d4-bb22-a5e363cab221', 'Paper option great mission court create example work seek.', '43e76491-ff76-410e-975d-df8cf2305c6b', 'd3d7dc1a-74b7-43c3-a9b0-aa297cf6fe08', '2021-02-24 16:15:20.476802')
ON CONFLICT (id) DO NOTHING;
INSERT INTO comments (id, content, post_id, author_id, created_at) 
VALUES ('560c123a-d6a5-4e8f-b4a9-2644e1f92b79', 'Just standard wall around watch character.', '4eae064f-0fa5-4a72-b57e-ea0cc0af4380', '85d4a69f-9c34-4d11-ac46-66f152c07c37', '2025-09-09 03:15:38.696381')
ON CONFLICT (id) DO NOTHING;
INSERT INTO comments (id, content, post_id, author_id, created_at) 
VALUES ('693d820c-abc9-4f1a-a787-a8eb2d351ec5', 'Course research occur message maintain population back few a let staff present.', 'b3feeb76-7531-4247-a312-09322d4c669e', '4439ad15-65f1-497c-8231-d54571797b0e', '2021-12-12 03:14:21.923224')
ON CONFLICT (id) DO NOTHING;
INSERT INTO comments (id, content, post_id, author_id, created_at) 
VALUES ('09da9711-34a5-42b3-ae5d-50dd9a1c800c', 'Bit together know join learn need.', '43e76491-ff76-410e-975d-df8cf2305c6b', '44ed7973-68f5-4d16-883c-dbb1fc2b0b68', '2021-08-08 06:18:49.995815')
ON CONFLICT (id) DO NOTHING;
INSERT INTO comments (id, content, post_id, author_id, created_at) 
VALUES ('fbca32ed-c8d4-4819-aec3-2e1d4f3173fb', 'Question dog particular out per will buy serious television play spring who report.', 'c0cee9dd-fe6f-4e9d-a6e0-e595df101e8a', '4439ad15-65f1-497c-8231-d54571797b0e', '2022-09-17 08:42:09.031912')
ON CONFLICT (id) DO NOTHING;
INSERT INTO comments (id, content, post_id, author_id, created_at) 
VALUES ('79ac6315-bfc8-4b94-8b0d-df403802bacd', 'Truth character write challenge certainly right role blood than politics.', 'd6396965-a556-40d4-b71b-24cae5894616', '8a2d7a28-123e-41bc-8dd4-00e4d1565ac2', '2024-12-19 14:32:18.857703')
ON CONFLICT (id) DO NOTHING;
INSERT INTO comments (id, content, post_id, author_id, created_at) 
VALUES ('13e4905d-c966-419e-8488-40c41a68ffd9', 'Her camera then gas chance situation especially grow.', '0a991a2d-a1b1-4f10-8484-10372e0d43d5', '15a5da3b-2e10-439d-8164-d400f1069efb', '2023-07-22 07:38:48.246397')
ON CONFLICT (id) DO NOTHING;
INSERT INTO comments (id, content, post_id, author_id, created_at) 
VALUES ('7a36a1a9-d4fb-493e-970b-7e2b90c5b6f0', 'Hard street record appear will group vote whatever.', '0a991a2d-a1b1-4f10-8484-10372e0d43d5', 'e917f333-ce4e-4b08-b292-e49c24dc9bc9', '2022-02-04 07:22:35.484086')
ON CONFLICT (id) DO NOTHING;

-- Likes

INSERT INTO likes (id, post_id, user_id, created_at) 
VALUES ('6f14d245-db4f-46de-b4d7-aaf15a988263', '43e76491-ff76-410e-975d-df8cf2305c6b', 'd3d7dc1a-74b7-43c3-a9b0-aa297cf6fe08', '2022-04-15 02:30:35.137241')
ON CONFLICT (id) DO NOTHING;
INSERT INTO likes (id, post_id, user_id, created_at) 
VALUES ('9eee453f-e8b8-485e-933f-95166b97bc5f', 'c4b27048-e9aa-4ef6-a9b9-dc661fb1bb2a', '15a5da3b-2e10-439d-8164-d400f1069efb', '2022-07-30 02:31:30.551723')
ON CONFLICT (id) DO NOTHING;
INSERT INTO likes (id, post_id, user_id, created_at) 
VALUES ('e99329d0-2b75-43be-8eb1-82af0c086d98', 'd209f531-dab5-4f47-99a2-4eabe799785a', 'd3d7dc1a-74b7-43c3-a9b0-aa297cf6fe08', '2024-06-04 04:18:24.490366')
ON CONFLICT (id) DO NOTHING;
INSERT INTO likes (id, post_id, user_id, created_at) 
VALUES ('d8f62e03-787e-45d4-a6e1-e3fe01e2ad13', '85fcf4ed-d99b-4b2e-846d-5455e9d5ce06', '85d4a69f-9c34-4d11-ac46-66f152c07c37', '2025-02-20 06:36:53.617737')
ON CONFLICT (id) DO NOTHING;
INSERT INTO likes (id, post_id, user_id, created_at) 
VALUES ('047a220c-df82-473a-9743-50bf48cf4133', '7ac14219-37bb-44ca-bdc7-7b542049e2d8', '44ed7973-68f5-4d16-883c-dbb1fc2b0b68', '2020-07-26 09:05:20.796874')
ON CONFLICT (id) DO NOTHING;
INSERT INTO likes (id, post_id, user_id, created_at) 
VALUES ('7c91ab07-6174-403a-b23d-825e69b908b4', 'e0f562fd-26d9-43a9-b896-9b0733cc9c62', 'c569e60b-5529-4d33-a9e9-cce56bbce094', '2022-02-13 20:43:24.999913')
ON CONFLICT (id) DO NOTHING;
INSERT INTO likes (id, post_id, user_id, created_at) 
VALUES ('7d7d98e4-8a87-4a88-bfd3-ec21ff588f11', 'c6726d4f-e9bb-46fc-b89c-9df894874a5c', 'c569e60b-5529-4d33-a9e9-cce56bbce094', '2023-12-03 02:50:53.924729')
ON CONFLICT (id) DO NOTHING;
INSERT INTO likes (id, post_id, user_id, created_at) 
VALUES ('206e7a74-3184-4fd8-932d-a1f55f1391e3', 'c98b80fc-0df1-4047-bc42-65599ac35f99', '8a2d7a28-123e-41bc-8dd4-00e4d1565ac2', '2022-06-04 02:00:59.323992')
ON CONFLICT (id) DO NOTHING;
INSERT INTO likes (id, post_id, user_id, created_at) 
VALUES ('b53e4571-b46c-435e-8741-b13e3bf0639f', 'fa8f883a-9f8e-4fda-acf0-e97cdcf3bbd4', '5f1488ef-5f4c-460b-abb7-48deb1afe623', '2022-11-11 14:30:39.375215')
ON CONFLICT (id) DO NOTHING;
INSERT INTO likes (id, post_id, user_id, created_at) 
VALUES ('6abb36ab-566c-4971-9f45-a77ebce79360', '7f0bf8f1-b6c4-4894-8d9d-ee2c382550a8', 'd3d7dc1a-74b7-43c3-a9b0-aa297cf6fe08', '2023-05-27 06:40:52.040622')
ON CONFLICT (id) DO NOTHING;
INSERT INTO likes (id, post_id, user_id, created_at) 
VALUES ('67c889ac-29a0-44a0-955a-26529e8f60c4', 'b51d0a9d-aed7-472f-8946-c66934ac779d', '5f1488ef-5f4c-460b-abb7-48deb1afe623', '2021-05-04 12:00:53.588958')
ON CONFLICT (id) DO NOTHING;
INSERT INTO likes (id, post_id, user_id, created_at) 
VALUES ('d24b5581-563e-4b2e-9f88-9d4b67185515', '2a34769b-c614-46b6-917d-781ffc8dcc39', 'c569e60b-5529-4d33-a9e9-cce56bbce094', '2021-02-28 14:27:19.293539')
ON CONFLICT (id) DO NOTHING;
INSERT INTO likes (id, post_id, user_id, created_at) 
VALUES ('f4647ff6-296c-46a2-9f62-dcdffcb0a344', 'e0f562fd-26d9-43a9-b896-9b0733cc9c62', 'd3d7dc1a-74b7-43c3-a9b0-aa297cf6fe08', '2025-10-24 16:56:31.358291')
ON CONFLICT (id) DO NOTHING;
INSERT INTO likes (id, post_id, user_id, created_at) 
VALUES ('3d667549-9d16-4e95-a088-309ea959c57c', '86600b51-b7d0-45d9-b17b-1bf9186fa6a8', '8a2d7a28-123e-41bc-8dd4-00e4d1565ac2', '2020-09-23 00:10:41.855671')
ON CONFLICT (id) DO NOTHING;
INSERT INTO likes (id, post_id, user_id, created_at) 
VALUES ('52feb221-9923-4cc1-ac97-9d51938d59a0', 'd6396965-a556-40d4-b71b-24cae5894616', '4439ad15-65f1-497c-8231-d54571797b0e', '2023-12-23 15:03:59.566199')
ON CONFLICT (id) DO NOTHING;
INSERT INTO likes (id, post_id, user_id, created_at) 
VALUES ('111c9336-7ba1-4287-8814-43c9383beaa2', '89108136-c8a5-467a-90c6-8d2bbff1c2fd', 'fc32df47-40da-4ec4-ae77-ac8ef02c807b', '2024-09-05 21:46:42.712650')
ON CONFLICT (id) DO NOTHING;
INSERT INTO likes (id, post_id, user_id, created_at) 
VALUES ('541050b1-395d-45fc-8749-a60c34c9b75b', 'dd28acbd-67c8-4c3c-a07e-16ea46a9685c', 'c569e60b-5529-4d33-a9e9-cce56bbce094', '2020-07-27 20:17:51.638037')
ON CONFLICT (id) DO NOTHING;
INSERT INTO likes (id, post_id, user_id, created_at) 
VALUES ('b4fea2d4-3f1d-4029-af8a-0dc6dc7ddfc6', '91d2bb38-5ca0-447b-933e-7e6223cd5615', '4439ad15-65f1-497c-8231-d54571797b0e', '2023-10-07 15:04:34.373243')
ON CONFLICT (id) DO NOTHING;
INSERT INTO likes (id, post_id, user_id, created_at) 
VALUES ('034fd26a-402b-4803-9a02-6011d1403db1', '92a0f070-d94e-4466-b5ce-2903b9b9c240', 'fc32df47-40da-4ec4-ae77-ac8ef02c807b', '2020-03-03 10:03:37.251963')
ON CONFLICT (id) DO NOTHING;
INSERT INTO likes (id, post_id, user_id, created_at) 
VALUES ('b2b774c3-e7bb-4ccc-8888-2734aa8e8195', '2e001621-792e-417e-880f-60b66b63d02d', '4439ad15-65f1-497c-8231-d54571797b0e', '2020-02-23 23:47:02.492554')
ON CONFLICT (id) DO NOTHING;
INSERT INTO likes (id, post_id, user_id, created_at) 
VALUES ('1d3061b9-2858-4a81-9f71-a3cbc1704259', 'fa8f883a-9f8e-4fda-acf0-e97cdcf3bbd4', 'c569e60b-5529-4d33-a9e9-cce56bbce094', '2021-05-08 15:42:55.435625')
ON CONFLICT (id) DO NOTHING;
INSERT INTO likes (id, post_id, user_id, created_at) 
VALUES ('039282f5-e17c-45b0-82ac-b100d4eec3e9', 'd38c32a9-cd13-4b5f-bdb0-7215e478a26e', '4439ad15-65f1-497c-8231-d54571797b0e', '2020-03-01 19:13:24.719357')
ON CONFLICT (id) DO NOTHING;
INSERT INTO likes (id, post_id, user_id, created_at) 
VALUES ('5c848268-8d6d-48cb-a3b7-b768ab5f480d', '7f0bf8f1-b6c4-4894-8d9d-ee2c382550a8', 'e917f333-ce4e-4b08-b292-e49c24dc9bc9', '2025-06-15 15:19:41.883317')
ON CONFLICT (id) DO NOTHING;
INSERT INTO likes (id, post_id, user_id, created_at) 
VALUES ('0f98ac68-e7ae-48d5-947f-8557a935e64c', 'aa889625-55a6-4fb5-9145-b19fe153296d', 'c569e60b-5529-4d33-a9e9-cce56bbce094', '2020-12-12 23:18:08.064368')
ON CONFLICT (id) DO NOTHING;
INSERT INTO likes (id, post_id, user_id, created_at) 
VALUES ('41204d1c-5a9a-4a9b-b105-48ca2f6c43e1', '42f750b4-5977-4b99-b32b-d432d639d970', '44ed7973-68f5-4d16-883c-dbb1fc2b0b68', '2020-01-16 21:26:30.063569')
ON CONFLICT (id) DO NOTHING;
INSERT INTO likes (id, post_id, user_id, created_at) 
VALUES ('a9f6dfc0-6d62-4487-94cf-089f32961455', 'dd28acbd-67c8-4c3c-a07e-16ea46a9685c', 'd3d7dc1a-74b7-43c3-a9b0-aa297cf6fe08', '2022-10-02 08:04:41.438022')
ON CONFLICT (id) DO NOTHING;
INSERT INTO likes (id, post_id, user_id, created_at) 
VALUES ('f5745594-576b-4b4e-972a-fdba37cb4f31', 'b3feeb76-7531-4247-a312-09322d4c669e', 'fc32df47-40da-4ec4-ae77-ac8ef02c807b', '2024-01-19 19:07:59.035363')
ON CONFLICT (id) DO NOTHING;
INSERT INTO likes (id, post_id, user_id, created_at) 
VALUES ('6b4cf6be-4eb4-45f6-bee3-9d5185c2b23a', '15fae560-4412-4399-8109-47110425c41b', 'e917f333-ce4e-4b08-b292-e49c24dc9bc9', '2024-09-09 09:52:04.491316')
ON CONFLICT (id) DO NOTHING;
INSERT INTO likes (id, post_id, user_id, created_at) 
VALUES ('a071fb12-49fd-43cf-889d-a01a70a74747', 'dd28acbd-67c8-4c3c-a07e-16ea46a9685c', 'e917f333-ce4e-4b08-b292-e49c24dc9bc9', '2022-10-09 20:25:54.531579')
ON CONFLICT (id) DO NOTHING;
INSERT INTO likes (id, post_id, user_id, created_at) 
VALUES ('5e34c889-8699-41c6-9a49-54a087e431c2', '5932054d-9def-4da3-9329-a5a161ce19b8', 'c569e60b-5529-4d33-a9e9-cce56bbce094', '2023-01-13 02:55:22.700452')
ON CONFLICT (id) DO NOTHING;
INSERT INTO likes (id, post_id, user_id, created_at) 
VALUES ('8e812936-6b96-4d86-b45e-4981ddad8e83', '56e80e23-b048-4dee-97ec-1679ec8fe003', 'c569e60b-5529-4d33-a9e9-cce56bbce094', '2025-10-03 12:39:02.018104')
ON CONFLICT (id) DO NOTHING;
INSERT INTO likes (id, post_id, user_id, created_at) 
VALUES ('433c736e-6033-4f89-920d-6e4ce408cb21', '32db0890-d96e-461c-a7ff-81f4da040d36', '44ed7973-68f5-4d16-883c-dbb1fc2b0b68', '2025-10-09 23:45:41.667708')
ON CONFLICT (id) DO NOTHING;
INSERT INTO likes (id, post_id, user_id, created_at) 
VALUES ('ec82916d-5926-4f6e-8a03-3ecf86bf16dd', '0a991a2d-a1b1-4f10-8484-10372e0d43d5', '44ed7973-68f5-4d16-883c-dbb1fc2b0b68', '2021-09-04 01:15:33.227262')
ON CONFLICT (id) DO NOTHING;
INSERT INTO likes (id, post_id, user_id, created_at) 
VALUES ('86dabdeb-ad20-46e7-a109-edfe7bc42435', '42f750b4-5977-4b99-b32b-d432d639d970', 'd3d7dc1a-74b7-43c3-a9b0-aa297cf6fe08', '2022-11-07 20:54:13.618963')
ON CONFLICT (id) DO NOTHING;
INSERT INTO likes (id, post_id, user_id, created_at) 
VALUES ('dd8a09bd-df02-44d1-a8c8-bfd0b6261e2c', '15fae560-4412-4399-8109-47110425c41b', '4439ad15-65f1-497c-8231-d54571797b0e', '2024-10-27 20:11:00.843931')
ON CONFLICT (id) DO NOTHING;
INSERT INTO likes (id, post_id, user_id, created_at) 
VALUES ('4b1e1396-b50b-47eb-9cca-5ebdd6239eeb', 'ab9a9e3c-0801-4ae4-a399-8155133b4f4f', '4439ad15-65f1-497c-8231-d54571797b0e', '2025-07-03 02:01:57.069585')
ON CONFLICT (id) DO NOTHING;
INSERT INTO likes (id, post_id, user_id, created_at) 
VALUES ('898db3c4-d380-4667-8a6c-f15d454c5b77', 'c4b27048-e9aa-4ef6-a9b9-dc661fb1bb2a', 'c569e60b-5529-4d33-a9e9-cce56bbce094', '2023-07-20 18:11:08.964460')
ON CONFLICT (id) DO NOTHING;
INSERT INTO likes (id, post_id, user_id, created_at) 
VALUES ('305131b9-a3ca-49ca-84e2-352efd9dba78', 'dd28acbd-67c8-4c3c-a07e-16ea46a9685c', '4439ad15-65f1-497c-8231-d54571797b0e', '2024-01-05 16:21:28.031966')
ON CONFLICT (id) DO NOTHING;
INSERT INTO likes (id, post_id, user_id, created_at) 
VALUES ('c9285233-61c4-4aa3-a2fc-1b08e2a81293', '15fae560-4412-4399-8109-47110425c41b', '8a2d7a28-123e-41bc-8dd4-00e4d1565ac2', '2020-12-24 06:11:50.275283')
ON CONFLICT (id) DO NOTHING;
INSERT INTO likes (id, post_id, user_id, created_at) 
VALUES ('74a13d98-e0aa-464c-ba60-e98e19318b0e', '85fcf4ed-d99b-4b2e-846d-5455e9d5ce06', '4439ad15-65f1-497c-8231-d54571797b0e', '2021-11-16 02:22:37.818693')
ON CONFLICT (id) DO NOTHING;
INSERT INTO likes (id, post_id, user_id, created_at) 
VALUES ('edc3e7e1-0cd1-4262-a819-5e41bc8f681e', '0a991a2d-a1b1-4f10-8484-10372e0d43d5', '8a2d7a28-123e-41bc-8dd4-00e4d1565ac2', '2022-02-21 08:11:17.305345')
ON CONFLICT (id) DO NOTHING;
INSERT INTO likes (id, post_id, user_id, created_at) 
VALUES ('e7a59098-30fe-4e7b-9ee5-183bfb826022', '810f3e72-7ae0-4f45-8ada-bdcfdde50719', '5f1488ef-5f4c-460b-abb7-48deb1afe623', '2025-01-04 19:52:36.416874')
ON CONFLICT (id) DO NOTHING;
INSERT INTO likes (id, post_id, user_id, created_at) 
VALUES ('01ffcce6-d4fe-4647-89cd-92f8bb2503c5', '32db0890-d96e-461c-a7ff-81f4da040d36', '5f1488ef-5f4c-460b-abb7-48deb1afe623', '2023-10-30 13:45:45.398502')
ON CONFLICT (id) DO NOTHING;
INSERT INTO likes (id, post_id, user_id, created_at) 
VALUES ('b0d8e783-f5e6-49ef-9533-391318474402', 'c4b27048-e9aa-4ef6-a9b9-dc661fb1bb2a', '44ed7973-68f5-4d16-883c-dbb1fc2b0b68', '2021-10-12 15:00:45.965520')
ON CONFLICT (id) DO NOTHING;
INSERT INTO likes (id, post_id, user_id, created_at) 
VALUES ('485c81a2-a26a-4763-91d7-ba6a6011e861', 'c6726d4f-e9bb-46fc-b89c-9df894874a5c', '4439ad15-65f1-497c-8231-d54571797b0e', '2024-01-29 02:36:24.364102')
ON CONFLICT (id) DO NOTHING;
INSERT INTO likes (id, post_id, user_id, created_at) 
VALUES ('ce0c603f-9616-44e4-ac17-2f2dc4ab9f09', 'd38c32a9-cd13-4b5f-bdb0-7215e478a26e', '8a2d7a28-123e-41bc-8dd4-00e4d1565ac2', '2023-08-29 00:15:58.341929')
ON CONFLICT (id) DO NOTHING;
INSERT INTO likes (id, post_id, user_id, created_at) 
VALUES ('495f89d5-bfd7-4362-a01c-dca9f5fcc387', '92a0f070-d94e-4466-b5ce-2903b9b9c240', 'd3d7dc1a-74b7-43c3-a9b0-aa297cf6fe08', '2021-08-18 20:39:15.948877')
ON CONFLICT (id) DO NOTHING;
INSERT INTO likes (id, post_id, user_id, created_at) 
VALUES ('d221e3d6-725e-4f18-8330-0c6cfc661ccf', '85ea807f-226f-4f4e-8eef-38f2998cd221', 'd3d7dc1a-74b7-43c3-a9b0-aa297cf6fe08', '2021-02-13 10:30:10.292716')
ON CONFLICT (id) DO NOTHING;
INSERT INTO likes (id, post_id, user_id, created_at) 
VALUES ('5fc55a36-e83e-408b-afa6-e544c1d89070', 'a0846133-185b-4297-89be-43345786f129', '15a5da3b-2e10-439d-8164-d400f1069efb', '2022-07-30 06:30:44.194045')
ON CONFLICT (id) DO NOTHING;
INSERT INTO likes (id, post_id, user_id, created_at) 
VALUES ('5aec4cf4-0cfd-47ae-a62c-6ff89c4966e3', 'f95d536d-9e7f-4c92-8deb-cd8285894766', '15a5da3b-2e10-439d-8164-d400f1069efb', '2023-09-14 23:26:59.045628')
ON CONFLICT (id) DO NOTHING;
INSERT INTO likes (id, post_id, user_id, created_at) 
VALUES ('9457fbee-e0c4-42a3-aa10-db4245ae043d', '32db0890-d96e-461c-a7ff-81f4da040d36', '8a2d7a28-123e-41bc-8dd4-00e4d1565ac2', '2020-06-03 12:31:38.694044')
ON CONFLICT (id) DO NOTHING;
INSERT INTO likes (id, post_id, user_id, created_at) 
VALUES ('72d35e5c-01ea-4093-a1d1-8da71d57da59', '67f17e16-b243-4719-847e-eb9190101d5b', '4439ad15-65f1-497c-8231-d54571797b0e', '2021-03-21 01:40:57.456437')
ON CONFLICT (id) DO NOTHING;
INSERT INTO likes (id, post_id, user_id, created_at) 
VALUES ('bf86a157-3d91-4b29-99f2-dccb442570b8', '0790dbf5-3034-4aea-8c19-a622ee5e61d2', 'fc32df47-40da-4ec4-ae77-ac8ef02c807b', '2021-09-02 06:56:24.621130')
ON CONFLICT (id) DO NOTHING;
INSERT INTO likes (id, post_id, user_id, created_at) 
VALUES ('1efa4615-ae6c-485f-98d3-02bede699357', 'a10cb458-b7dd-4633-80d2-2280d79d9aef', '5f1488ef-5f4c-460b-abb7-48deb1afe623', '2020-11-02 03:16:33.615247')
ON CONFLICT (id) DO NOTHING;
INSERT INTO likes (id, post_id, user_id, created_at) 
VALUES ('5326cfca-1cfc-48ff-8292-2656a4390c9d', '85ea807f-226f-4f4e-8eef-38f2998cd221', 'c569e60b-5529-4d33-a9e9-cce56bbce094', '2022-09-05 18:32:47.962544')
ON CONFLICT (id) DO NOTHING;
INSERT INTO likes (id, post_id, user_id, created_at) 
VALUES ('2a561161-7192-49ab-bf13-5af7880e4437', '7ac14219-37bb-44ca-bdc7-7b542049e2d8', '15a5da3b-2e10-439d-8164-d400f1069efb', '2023-08-06 13:29:19.636843')
ON CONFLICT (id) DO NOTHING;
INSERT INTO likes (id, post_id, user_id, created_at) 
VALUES ('77d033a8-741d-4538-8635-378650100555', '3454f6cb-53ae-4b1e-aa2c-8bd6d49c67e4', 'fc32df47-40da-4ec4-ae77-ac8ef02c807b', '2020-09-11 17:07:03.756872')
ON CONFLICT (id) DO NOTHING;
INSERT INTO likes (id, post_id, user_id, created_at) 
VALUES ('bddbc14d-46ef-4828-8434-20f239335f9c', '3454f6cb-53ae-4b1e-aa2c-8bd6d49c67e4', '5f1488ef-5f4c-460b-abb7-48deb1afe623', '2021-04-25 02:06:17.057808')
ON CONFLICT (id) DO NOTHING;
INSERT INTO likes (id, post_id, user_id, created_at) 
VALUES ('b140d5e0-0cea-411f-805e-b85dffee3fef', 'e0f562fd-26d9-43a9-b896-9b0733cc9c62', 'e917f333-ce4e-4b08-b292-e49c24dc9bc9', '2022-10-02 10:43:48.031059')
ON CONFLICT (id) DO NOTHING;
INSERT INTO likes (id, post_id, user_id, created_at) 
VALUES ('4fa56712-8c28-423c-8bc0-1f7592668a5a', '43e76491-ff76-410e-975d-df8cf2305c6b', 'e917f333-ce4e-4b08-b292-e49c24dc9bc9', '2022-01-04 02:34:12.334398')
ON CONFLICT (id) DO NOTHING;
INSERT INTO likes (id, post_id, user_id, created_at) 
VALUES ('8d89d7ad-7681-46ed-abe0-da7b840e5521', 'c0cee9dd-fe6f-4e9d-a6e0-e595df101e8a', 'c569e60b-5529-4d33-a9e9-cce56bbce094', '2025-01-22 12:25:24.237018')
ON CONFLICT (id) DO NOTHING;
INSERT INTO likes (id, post_id, user_id, created_at) 
VALUES ('b2fbebbb-22e0-420e-a428-1d648fd8b332', '235045f3-9a1f-465d-971e-0bf74ff54bab', '4439ad15-65f1-497c-8231-d54571797b0e', '2021-12-24 15:30:14.782336')
ON CONFLICT (id) DO NOTHING;
INSERT INTO likes (id, post_id, user_id, created_at) 
VALUES ('99cc3b09-efc2-4cd9-8a33-4d826ca1f0b4', '428ec637-bd3a-45cb-b077-ebe4bc6183b9', 'c569e60b-5529-4d33-a9e9-cce56bbce094', '2024-10-02 14:40:15.203917')
ON CONFLICT (id) DO NOTHING;
INSERT INTO likes (id, post_id, user_id, created_at) 
VALUES ('39dcc4a0-158e-44af-88a8-b029301758bf', '67f17e16-b243-4719-847e-eb9190101d5b', 'c569e60b-5529-4d33-a9e9-cce56bbce094', '2024-04-11 08:43:44.402225')
ON CONFLICT (id) DO NOTHING;
INSERT INTO likes (id, post_id, user_id, created_at) 
VALUES ('7589e5fd-f67f-4e2b-bdf1-bd596b6bfdbf', 'd6396965-a556-40d4-b71b-24cae5894616', '85d4a69f-9c34-4d11-ac46-66f152c07c37', '2023-11-24 17:55:12.253917')
ON CONFLICT (id) DO NOTHING;
INSERT INTO likes (id, post_id, user_id, created_at) 
VALUES ('fd2b39c3-9be4-4fc1-b70f-c788aeda1266', 'dd28acbd-67c8-4c3c-a07e-16ea46a9685c', '8a2d7a28-123e-41bc-8dd4-00e4d1565ac2', '2024-11-06 11:51:43.821337')
ON CONFLICT (id) DO NOTHING;
INSERT INTO likes (id, post_id, user_id, created_at) 
VALUES ('2cd9e865-138b-4c40-ac4a-0778eb1dc0ba', '2ae1fbf9-c84a-4706-9659-5791a8366a4e', 'fc32df47-40da-4ec4-ae77-ac8ef02c807b', '2024-10-21 12:43:29.008286')
ON CONFLICT (id) DO NOTHING;
INSERT INTO likes (id, post_id, user_id, created_at) 
VALUES ('8d64c9e3-91d0-4911-9bec-64a38fdcd189', 'a10cb458-b7dd-4633-80d2-2280d79d9aef', 'e917f333-ce4e-4b08-b292-e49c24dc9bc9', '2021-05-20 15:35:56.654310')
ON CONFLICT (id) DO NOTHING;
INSERT INTO likes (id, post_id, user_id, created_at) 
VALUES ('c1c20998-6583-4ef2-b3f0-ad8365ca4dea', 'f95d536d-9e7f-4c92-8deb-cd8285894766', '44ed7973-68f5-4d16-883c-dbb1fc2b0b68', '2022-02-23 18:35:16.277837')
ON CONFLICT (id) DO NOTHING;
INSERT INTO likes (id, post_id, user_id, created_at) 
VALUES ('3eff0734-694e-4bc0-b86f-e9669471fa91', 'a8a7930c-9619-435e-a558-b86ec82c2bfd', '8a2d7a28-123e-41bc-8dd4-00e4d1565ac2', '2024-03-18 04:21:58.760705')
ON CONFLICT (id) DO NOTHING;
INSERT INTO likes (id, post_id, user_id, created_at) 
VALUES ('4769afd1-1ba9-48f0-9427-5c89c05abf61', 'f95d536d-9e7f-4c92-8deb-cd8285894766', '4439ad15-65f1-497c-8231-d54571797b0e', '2024-01-06 20:38:20.973975')
ON CONFLICT (id) DO NOTHING;
INSERT INTO likes (id, post_id, user_id, created_at) 
VALUES ('69ac90d2-63f4-4cb2-8de8-1ad2eaf1f4b2', '86600b51-b7d0-45d9-b17b-1bf9186fa6a8', 'd3d7dc1a-74b7-43c3-a9b0-aa297cf6fe08', '2022-01-03 00:25:56.663868')
ON CONFLICT (id) DO NOTHING;
INSERT INTO likes (id, post_id, user_id, created_at) 
VALUES ('eab6d1fb-3e9b-4f0e-b78b-aa6d4ee9f767', 'aa889625-55a6-4fb5-9145-b19fe153296d', 'd3d7dc1a-74b7-43c3-a9b0-aa297cf6fe08', '2023-02-13 23:26:59.229377')
ON CONFLICT (id) DO NOTHING;
INSERT INTO likes (id, post_id, user_id, created_at) 
VALUES ('ab903539-b886-4a6e-8607-0a6ccc978ab9', 'c98b80fc-0df1-4047-bc42-65599ac35f99', '85d4a69f-9c34-4d11-ac46-66f152c07c37', '2020-01-18 08:46:54.306148')
ON CONFLICT (id) DO NOTHING;
INSERT INTO likes (id, post_id, user_id, created_at) 
VALUES ('0cea1d29-d48c-40da-95f3-5dddeb2b13af', '2e001621-792e-417e-880f-60b66b63d02d', '8a2d7a28-123e-41bc-8dd4-00e4d1565ac2', '2023-10-30 14:27:10.193571')
ON CONFLICT (id) DO NOTHING;
INSERT INTO likes (id, post_id, user_id, created_at) 
VALUES ('7ed8982c-5475-4921-a622-4e8bfeda67db', 'c0cee9dd-fe6f-4e9d-a6e0-e595df101e8a', '4439ad15-65f1-497c-8231-d54571797b0e', '2025-08-08 10:22:35.476861')
ON CONFLICT (id) DO NOTHING;
INSERT INTO likes (id, post_id, user_id, created_at) 
VALUES ('e8f44ae6-2c47-453e-a64f-b241d79ce3d8', '49e21379-80cb-45a5-a769-3881268ab014', 'e917f333-ce4e-4b08-b292-e49c24dc9bc9', '2025-10-24 07:14:17.886722')
ON CONFLICT (id) DO NOTHING;
INSERT INTO likes (id, post_id, user_id, created_at) 
VALUES ('8a957970-a77c-46d9-975a-8f725fe40ab1', '2e001621-792e-417e-880f-60b66b63d02d', 'd3d7dc1a-74b7-43c3-a9b0-aa297cf6fe08', '2024-08-24 06:02:21.819594')
ON CONFLICT (id) DO NOTHING;
INSERT INTO likes (id, post_id, user_id, created_at) 
VALUES ('2b322898-c78b-4228-96a5-2e557174818f', '2a34769b-c614-46b6-917d-781ffc8dcc39', '5f1488ef-5f4c-460b-abb7-48deb1afe623', '2021-02-12 14:04:41.408308')
ON CONFLICT (id) DO NOTHING;
INSERT INTO likes (id, post_id, user_id, created_at) 
VALUES ('e9e7ac7a-98a4-4afc-baf8-b4fac7aba0df', 'c4b27048-e9aa-4ef6-a9b9-dc661fb1bb2a', '85d4a69f-9c34-4d11-ac46-66f152c07c37', '2020-02-17 10:40:40.234284')
ON CONFLICT (id) DO NOTHING;
INSERT INTO likes (id, post_id, user_id, created_at) 
VALUES ('18506a1a-14e8-4756-988c-a6a9d543f857', '89108136-c8a5-467a-90c6-8d2bbff1c2fd', '15a5da3b-2e10-439d-8164-d400f1069efb', '2021-07-24 17:43:53.644322')
ON CONFLICT (id) DO NOTHING;
INSERT INTO likes (id, post_id, user_id, created_at) 
VALUES ('5ee75236-8caa-497c-bdd1-bf4624884a73', 'b51d0a9d-aed7-472f-8946-c66934ac779d', '15a5da3b-2e10-439d-8164-d400f1069efb', '2025-05-30 18:58:30.939011')
ON CONFLICT (id) DO NOTHING;
INSERT INTO likes (id, post_id, user_id, created_at) 
VALUES ('04cf7346-09d3-4571-ae66-f8224388ae68', 'cdd833ad-2bd6-4058-9ce3-4224a8250dc1', 'fc32df47-40da-4ec4-ae77-ac8ef02c807b', '2022-03-28 05:29:04.219196')
ON CONFLICT (id) DO NOTHING;
INSERT INTO likes (id, post_id, user_id, created_at) 
VALUES ('d65d7d79-3640-43bf-bd2a-e024773787b5', 'b51d0a9d-aed7-472f-8946-c66934ac779d', 'd3d7dc1a-74b7-43c3-a9b0-aa297cf6fe08', '2023-06-17 23:45:41.937756')
ON CONFLICT (id) DO NOTHING;
INSERT INTO likes (id, post_id, user_id, created_at) 
VALUES ('5dc11052-6a70-48a5-823d-1a5fc766f65b', 'a10cb458-b7dd-4633-80d2-2280d79d9aef', 'd3d7dc1a-74b7-43c3-a9b0-aa297cf6fe08', '2023-08-26 17:28:11.094848')
ON CONFLICT (id) DO NOTHING;
INSERT INTO likes (id, post_id, user_id, created_at) 
VALUES ('bf4d0720-5aa7-420e-aa6c-7ba55fa9b424', '0790dbf5-3034-4aea-8c19-a622ee5e61d2', 'd3d7dc1a-74b7-43c3-a9b0-aa297cf6fe08', '2025-11-29 21:46:29.851230')
ON CONFLICT (id) DO NOTHING;
INSERT INTO likes (id, post_id, user_id, created_at) 
VALUES ('a27f52c6-eb36-443a-9b9b-5977aeb778bb', 'c0cee9dd-fe6f-4e9d-a6e0-e595df101e8a', 'e917f333-ce4e-4b08-b292-e49c24dc9bc9', '2024-08-05 18:40:50.337776')
ON CONFLICT (id) DO NOTHING;
INSERT INTO likes (id, post_id, user_id, created_at) 
VALUES ('f76b1f6c-67a9-4c43-a547-c5e7f9fc082b', '85fcf4ed-d99b-4b2e-846d-5455e9d5ce06', '5f1488ef-5f4c-460b-abb7-48deb1afe623', '2022-05-17 11:35:27.766791')
ON CONFLICT (id) DO NOTHING;
INSERT INTO likes (id, post_id, user_id, created_at) 
VALUES ('c43d054d-95c1-40c0-ace7-494a3d48f0c1', '56e80e23-b048-4dee-97ec-1679ec8fe003', 'e917f333-ce4e-4b08-b292-e49c24dc9bc9', '2025-09-15 21:00:17.349351')
ON CONFLICT (id) DO NOTHING;
INSERT INTO likes (id, post_id, user_id, created_at) 
VALUES ('75fd3388-c620-4cd0-a57a-cc0c410ec678', 'cdd833ad-2bd6-4058-9ce3-4224a8250dc1', 'e917f333-ce4e-4b08-b292-e49c24dc9bc9', '2020-12-24 19:14:50.858421')
ON CONFLICT (id) DO NOTHING;
INSERT INTO likes (id, post_id, user_id, created_at) 
VALUES ('0fcff980-6160-4275-8201-405dccfc963b', '3454f6cb-53ae-4b1e-aa2c-8bd6d49c67e4', 'e917f333-ce4e-4b08-b292-e49c24dc9bc9', '2023-07-07 12:22:08.363706')
ON CONFLICT (id) DO NOTHING;
INSERT INTO likes (id, post_id, user_id, created_at) 
VALUES ('f4c46904-82d9-4bc2-b918-c5062080d971', '67f17e16-b243-4719-847e-eb9190101d5b', '85d4a69f-9c34-4d11-ac46-66f152c07c37', '2022-08-05 08:55:38.647035')
ON CONFLICT (id) DO NOTHING;
INSERT INTO likes (id, post_id, user_id, created_at) 
VALUES ('d3304925-b15a-4386-b1c9-e751d80cd5b9', '43e76491-ff76-410e-975d-df8cf2305c6b', '44ed7973-68f5-4d16-883c-dbb1fc2b0b68', '2024-05-22 12:26:01.691693')
ON CONFLICT (id) DO NOTHING;
INSERT INTO likes (id, post_id, user_id, created_at) 
VALUES ('4eb5a97d-623f-4ca5-8e63-8a6535742a9a', 'd6396965-a556-40d4-b71b-24cae5894616', '44ed7973-68f5-4d16-883c-dbb1fc2b0b68', '2020-12-02 21:38:21.362459')
ON CONFLICT (id) DO NOTHING;
INSERT INTO likes (id, post_id, user_id, created_at) 
VALUES ('19a28d51-c91e-4223-9c42-153d75f0644a', '91d2bb38-5ca0-447b-933e-7e6223cd5615', 'c569e60b-5529-4d33-a9e9-cce56bbce094', '2022-03-27 19:17:57.884464')
ON CONFLICT (id) DO NOTHING;
INSERT INTO likes (id, post_id, user_id, created_at) 
VALUES ('29e15770-6612-478f-a30c-cbb507c6f29e', '916fe005-e1c8-4e47-8b4e-3041add3fc94', '85d4a69f-9c34-4d11-ac46-66f152c07c37', '2021-05-30 21:37:31.750458')
ON CONFLICT (id) DO NOTHING;
INSERT INTO likes (id, post_id, user_id, created_at) 
VALUES ('438c9c20-4023-4dc2-a4c2-d67e544677ff', '32db0890-d96e-461c-a7ff-81f4da040d36', '4439ad15-65f1-497c-8231-d54571797b0e', '2024-01-15 23:31:08.591672')
ON CONFLICT (id) DO NOTHING;
INSERT INTO likes (id, post_id, user_id, created_at) 
VALUES ('42ab228e-a357-41d9-acd7-c4c5528a0ac9', 'ab9a9e3c-0801-4ae4-a399-8155133b4f4f', '5f1488ef-5f4c-460b-abb7-48deb1afe623', '2021-09-30 11:18:28.150390')
ON CONFLICT (id) DO NOTHING;
INSERT INTO likes (id, post_id, user_id, created_at) 
VALUES ('cb3d23e2-337e-4a28-a68e-91990af4c12b', '43e76491-ff76-410e-975d-df8cf2305c6b', '15a5da3b-2e10-439d-8164-d400f1069efb', '2023-02-15 10:11:54.025824')
ON CONFLICT (id) DO NOTHING;
INSERT INTO likes (id, post_id, user_id, created_at) 
VALUES ('98220f10-3783-4bb4-a042-44aabd2aca05', '428ec637-bd3a-45cb-b077-ebe4bc6183b9', '44ed7973-68f5-4d16-883c-dbb1fc2b0b68', '2020-04-29 00:12:56.784963')
ON CONFLICT (id) DO NOTHING;

-- Friendships

INSERT INTO friendships (id, user_id, friend_id, created_at) 
VALUES ('aef09e19-1bfe-49fa-9051-bc6698732bf0', '15a5da3b-2e10-439d-8164-d400f1069efb', '8a2d7a28-123e-41bc-8dd4-00e4d1565ac2', '2021-02-27 01:30:07.583244')
ON CONFLICT (id) DO NOTHING;
INSERT INTO friendships (id, user_id, friend_id, created_at) 
VALUES ('c8a3f362-35e8-4f7e-bf34-3780d248b128', '5f1488ef-5f4c-460b-abb7-48deb1afe623', '85d4a69f-9c34-4d11-ac46-66f152c07c37', '2022-08-12 05:02:05.331290')
ON CONFLICT (id) DO NOTHING;
INSERT INTO friendships (id, user_id, friend_id, created_at) 
VALUES ('33ddabbe-238a-46a9-ae5c-86a975d087a1', '4439ad15-65f1-497c-8231-d54571797b0e', 'c569e60b-5529-4d33-a9e9-cce56bbce094', '2020-03-01 05:19:11.324040')
ON CONFLICT (id) DO NOTHING;
INSERT INTO friendships (id, user_id, friend_id, created_at) 
VALUES ('04cddc9a-48f1-4e14-af38-708a6a041744', '5f1488ef-5f4c-460b-abb7-48deb1afe623', 'c569e60b-5529-4d33-a9e9-cce56bbce094', '2020-04-25 05:53:11.534599')
ON CONFLICT (id) DO NOTHING;
INSERT INTO friendships (id, user_id, friend_id, created_at) 
VALUES ('c7324430-4757-4f13-9216-6ed8f5d2cbc5', '15a5da3b-2e10-439d-8164-d400f1069efb', '44ed7973-68f5-4d16-883c-dbb1fc2b0b68', '2021-11-04 20:39:34.314433')
ON CONFLICT (id) DO NOTHING;
